Game,Score,Mean Score
1,1,1.0
2,0,0.5
3,0,0.3333333333333333
4,0,0.25
5,0,0.2
6,0,0.16666666666666666
7,0,0.14285714285714285
8,0,0.125
9,0,0.1111111111111111
10,0,0.1
11,1,0.18181818181818182
12,0,0.16666666666666666
13,0,0.15384615384615385
14,0,0.14285714285714285
15,1,0.2
16,0,0.1875
17,1,0.23529411764705882
18,1,0.2777777777777778
19,1,0.3157894736842105
20,0,0.3
21,0,0.2857142857142857
22,1,0.3181818181818182
23,1,0.34782608695652173
24,0,0.3333333333333333
25,1,0.36
26,0,0.34615384615384615
27,1,0.37037037037037035
28,0,0.35714285714285715
29,0,0.3448275862068966
30,0,0.3333333333333333
31,0,0.3225806451612903
32,1,0.34375
33,1,0.36363636363636365
34,0,0.35294117647058826
1,0,0,0.0
2,0,0,0.0
3,0,0,0.0
4,0,0,0.0
5,0,0,0.0
6,0,0,0.0
7,1,1,0.14285714285714285
8,1,1,0.25
9,1,1,0.3333333333333333
10,0,1,0.3
11,0,1,0.2727272727272727
12,0,1,0.25
13,1,1,0.3076923076923077
14,0,1,0.2857142857142857
15,0,1,0.26666666666666666
16,0,1,0.25
17,0,1,0.23529411764705882
18,0,1,0.2222222222222222
19,0,1,0.21052631578947367
20,0,1,0.2
21,0,1,0.19047619047619047
22,1,1,0.22727272727272727
23,0,1,0.21739130434782608
24,0,1,0.20833333333333334
25,1,1,0.24
26,0,1,0.23076923076923078
27,0,1,0.2222222222222222
28,0,1,0.21428571428571427
29,0,1,0.20689655172413793
30,0,1,0.2
31,0,1,0.1935483870967742
32,1,1,0.21875
33,0,1,0.21212121212121213
34,1,1,0.23529411764705882
35,1,1,0.2571428571428571
36,0,1,0.25
37,1,1,0.2702702702702703
38,1,1,0.2894736842105263
39,1,1,0.3076923076923077
40,0,1,0.3
41,0,1,0.2926829268292683
42,0,1,0.2857142857142857
43,0,1,0.27906976744186046
44,1,1,0.29545454545454547
45,0,1,0.28888888888888886
46,0,1,0.2826086956521739
47,0,1,0.2765957446808511
48,1,1,0.2916666666666667
49,0,1,0.2857142857142857
50,0,1,0.28
51,1,1,0.29411764705882354
52,1,1,0.3076923076923077
53,0,1,0.3018867924528302
54,1,1,0.3148148148148148
55,0,1,0.3090909090909091
56,1,1,0.32142857142857145
57,1,1,0.3333333333333333
58,1,1,0.3448275862068966
59,2,2,0.3728813559322034
60,1,2,0.38333333333333336
61,1,2,0.39344262295081966
62,0,2,0.3870967741935484
63,6,6,0.47619047619047616
64,1,6,0.484375
65,0,6,0.47692307692307695
66,3,6,0.5151515151515151
67,5,6,0.582089552238806
68,0,6,0.5735294117647058
69,0,6,0.5652173913043478
70,0,6,0.5571428571428572
71,5,6,0.6197183098591549
72,0,6,0.6111111111111112
73,1,6,0.6164383561643836
74,3,6,0.6486486486486487
75,0,6,0.64
76,4,6,0.6842105263157895
77,0,6,0.6753246753246753
78,1,6,0.6794871794871795
79,2,6,0.6962025316455697
80,0,6,0.6875
81,2,6,0.7037037037037037
82,0,6,0.6951219512195121
83,4,6,0.7349397590361446
84,7,7,0.8095238095238095
85,33,33,1.188235294117647
86,11,33,1.302325581395349
87,3,33,1.3218390804597702
88,9,33,1.4090909090909092
89,12,33,1.5280898876404494
90,5,33,1.5666666666666667
91,1,33,1.5604395604395604
92,9,33,1.641304347826087
93,0,33,1.6236559139784945
94,11,33,1.7234042553191489
95,0,33,1.7052631578947368
96,25,33,1.9479166666666667
97,35,35,2.288659793814433
98,15,35,2.4183673469387754
99,15,35,2.5454545454545454
100,8,35,2.6
101,38,38,2.9504950495049505
102,11,38,3.0294117647058822
103,33,38,3.320388349514563
104,16,38,3.4423076923076925
105,20,38,3.6
106,17,38,3.7264150943396226
107,25,38,3.925233644859813
108,15,38,4.027777777777778
109,42,42,4.376146788990826
110,30,42,4.609090909090909
111,16,42,4.711711711711712
112,16,42,4.8125
113,21,42,4.95575221238938
114,57,57,5.412280701754386
115,38,57,5.695652173913044
116,37,57,5.9655172413793105
117,42,57,6.273504273504273
118,28,57,6.4576271186440675
119,25,57,6.61344537815126
120,37,57,6.866666666666666
121,30,57,7.0578512396694215
122,24,57,7.19672131147541
123,24,57,7.333333333333333
124,22,57,7.451612903225806
125,47,57,7.768
126,51,57,8.11111111111111
127,43,57,8.385826771653543
128,31,57,8.5625
129,10,57,8.573643410852712
130,50,57,8.892307692307693
131,35,57,9.091603053435115
132,48,57,9.386363636363637
133,20,57,9.466165413533835
134,24,57,9.574626865671641
135,9,57,9.57037037037037
136,33,57,9.742647058823529
137,40,57,9.963503649635037
138,11,57,9.971014492753623
139,12,57,9.985611510791367
140,40,57,10.2
141,21,57,10.27659574468085
142,25,57,10.380281690140846
143,22,57,10.461538461538462
144,26,57,10.569444444444445
145,14,57,10.593103448275862
146,23,57,10.678082191780822
147,23,57,10.761904761904763
148,25,57,10.858108108108109
149,29,57,10.979865771812081
150,51,57,11.246666666666666
151,19,57,11.298013245033113
152,33,57,11.44078947368421
153,9,57,11.42483660130719
154,42,57,11.623376623376624
155,40,57,11.806451612903226
156,48,57,12.038461538461538
157,47,57,12.261146496815286
158,42,57,12.449367088607595
159,11,57,12.440251572327044
160,37,57,12.59375
161,31,57,12.70807453416149
162,20,57,12.753086419753087
163,30,57,12.858895705521473
164,38,57,13.012195121951219
165,29,57,13.10909090909091
166,32,57,13.22289156626506
167,37,57,13.365269461077844
168,53,57,13.601190476190476
169,29,57,13.692307692307692
170,47,57,13.888235294117647
171,25,57,13.953216374269006
172,39,57,14.098837209302326
173,57,57,14.346820809248555
174,36,57,14.471264367816092
175,24,57,14.525714285714285
176,20,57,14.556818181818182
177,21,57,14.59322033898305
178,29,57,14.674157303370787
179,45,57,14.843575418994414
180,37,57,14.966666666666667
181,14,57,14.96132596685083
182,27,57,15.027472527472527
183,44,57,15.185792349726777
184,32,57,15.277173913043478
185,49,57,15.45945945945946
186,54,57,15.666666666666666
187,68,68,15.946524064171124
188,9,68,15.909574468085106
189,27,68,15.968253968253968
190,45,68,16.121052631578948
191,37,68,16.230366492146597
192,37,68,16.338541666666668
193,21,68,16.362694300518136
194,28,68,16.422680412371133
195,32,68,16.502564102564104
196,15,68,16.494897959183675
197,36,68,16.593908629441625
198,42,68,16.72222222222222
199,25,68,16.763819095477388
200,35,68,16.855
201,25,68,16.895522388059703
202,74,74,17.178217821782177
203,29,74,17.236453201970445
204,29,74,17.294117647058822
205,49,74,17.44878048780488
206,38,74,17.54854368932039
207,44,74,17.67632850241546
208,24,74,17.70673076923077
209,32,74,17.77511961722488
210,57,74,17.961904761904762
211,32,74,18.028436018957347
212,28,74,18.07547169811321
213,17,74,18.070422535211268
214,31,74,18.130841121495326
215,69,74,18.367441860465117
216,50,74,18.51388888888889
217,24,74,18.53917050691244
218,8,74,18.490825688073393
219,40,74,18.589041095890412
220,30,74,18.64090909090909
221,58,74,18.81900452488688
222,47,74,18.945945945945947
223,11,74,18.91031390134529
224,37,74,18.991071428571427
225,46,74,19.11111111111111
226,30,74,19.15929203539823
227,33,74,19.220264317180618
228,13,74,19.19298245614035
229,26,74,19.222707423580786
230,52,74,19.36521739130435
231,30,74,19.41125541125541
232,22,74,19.42241379310345
233,35,74,19.489270386266096
234,46,74,19.602564102564102
235,64,74,19.791489361702126
236,54,74,19.9364406779661
237,25,74,19.957805907172997
238,30,74,20.0
239,40,74,20.0836820083682
240,36,74,20.15
241,19,74,20.145228215767634
242,36,74,20.210743801652892
243,44,74,20.308641975308642
244,31,74,20.352459016393443
245,25,74,20.37142857142857
246,46,74,20.475609756097562
247,36,74,20.53846153846154
248,32,74,20.58467741935484
249,24,74,20.598393574297187
250,18,74,20.588
251,32,74,20.633466135458168
252,48,74,20.74206349206349
253,21,74,20.74308300395257
254,20,74,20.74015748031496
255,29,74,20.772549019607844
256,23,74,20.78125
257,32,74,20.82490272373541
258,22,74,20.829457364341085
259,32,74,20.872586872586872
260,57,74,21.01153846153846
261,41,74,21.088122605363985
262,5,74,21.02671755725191
263,19,74,21.019011406844108
264,8,74,20.96969696969697
265,11,74,20.932075471698113
266,45,74,21.022556390977442
267,28,74,21.04868913857678
268,45,74,21.138059701492537
269,45,74,21.226765799256505
270,40,74,21.296296296296298
271,40,74,21.365313653136532
272,25,74,21.378676470588236
273,31,74,21.413919413919412
274,21,74,21.412408759124087
275,32,74,21.45090909090909
276,15,74,21.42753623188406
277,33,74,21.469314079422382
278,13,74,21.43884892086331
279,35,74,21.487455197132615
280,23,74,21.492857142857144
281,16,74,21.473309608540927
282,27,74,21.49290780141844
283,18,74,21.480565371024735
284,33,74,21.52112676056338
285,17,74,21.50526315789474
286,41,74,21.573426573426573
287,25,74,21.585365853658537
288,41,74,21.65277777777778
289,15,74,21.629757785467127
290,25,74,21.641379310344828
291,33,74,21.68041237113402
292,14,74,21.654109589041095
293,24,74,21.66211604095563
294,31,74,21.693877551020407
295,27,74,21.71186440677966
296,33,74,21.75
297,37,74,21.801346801346803
298,36,74,21.848993288590606
299,37,74,21.899665551839465
300,32,74,21.933333333333334
301,46,74,22.01328903654485
302,29,74,22.0364238410596
303,34,74,22.075907590759076
304,39,74,22.13157894736842
305,37,74,22.18032786885246
306,44,74,22.251633986928105
307,36,74,22.29641693811075
308,22,74,22.295454545454547
309,39,74,22.349514563106798
310,33,74,22.383870967741935
311,25,74,22.392282958199356
312,26,74,22.403846153846153
313,36,74,22.447284345047922
314,50,74,22.53503184713376
315,49,74,22.61904761904762
316,63,74,22.746835443037973
317,25,74,22.753943217665615
318,38,74,22.80188679245283
319,39,74,22.852664576802507
320,24,74,22.85625
321,12,74,22.822429906542055
322,52,74,22.91304347826087
323,53,74,23.006191950464395
324,25,74,23.012345679012345
325,48,74,23.08923076923077
326,26,74,23.098159509202453
327,16,74,23.07645259938838
328,40,74,23.128048780487806
329,18,74,23.112462006079028
330,59,74,23.221212121212123
331,25,74,23.226586102719033
332,25,74,23.231927710843372
333,31,74,23.255255255255257
334,29,74,23.272455089820358
335,20,74,23.262686567164177
336,24,74,23.264880952380953
337,43,74,23.323442136498517
338,40,74,23.37278106508876
339,52,74,23.457227138643066
340,38,74,23.5
341,26,74,23.50733137829912
342,27,74,23.517543859649123
343,39,74,23.56268221574344
344,24,74,23.563953488372093
345,35,74,23.597101449275364
346,33,74,23.6242774566474
347,42,74,23.677233429394814
348,30,74,23.695402298850574
349,24,74,23.696275071633238
350,24,74,23.697142857142858
351,47,74,23.763532763532762
352,15,74,23.738636363636363
353,55,74,23.827195467422097
354,57,74,23.92090395480226
355,40,74,23.96619718309859
356,20,74,23.95505617977528
357,37,74,23.991596638655462
358,55,74,24.078212290502794
359,25,74,24.080779944289695
360,32,74,24.102777777777778
361,37,74,24.138504155124654
362,33,74,24.162983425414364
363,51,74,24.236914600550964
364,26,74,24.24175824175824
365,30,74,24.257534246575343
366,72,74,24.387978142076502
367,18,74,24.370572207084468
368,29,74,24.383152173913043
369,43,74,24.43360433604336
370,31,74,24.451351351351352
371,23,74,24.447439353099732
372,30,74,24.462365591397848
373,45,74,24.517426273458444
374,35,74,24.545454545454547
375,7,74,24.498666666666665
376,33,74,24.52127659574468
377,56,74,24.604774535809018
378,12,74,24.571428571428573
379,52,74,24.643799472295516
380,22,74,24.63684210526316
381,38,74,24.671916010498688
382,33,74,24.69371727748691
383,37,74,24.72584856396867
384,14,74,24.697916666666668
385,22,74,24.69090909090909
386,24,74,24.689119170984455
387,39,74,24.72609819121447
388,36,74,24.75515463917526
389,25,74,24.75578406169666
390,49,74,24.817948717948717
391,24,74,24.815856777493607
392,30,74,24.82908163265306
393,36,74,24.857506361323153
394,27,74,24.86294416243655
395,34,74,24.88607594936709
396,23,74,24.88131313131313
397,31,74,24.896725440806044
398,10,74,24.85929648241206
399,44,74,24.907268170426065
400,14,74,24.88
401,48,74,24.93765586034913
402,13,74,24.907960199004975
403,14,74,24.88089330024814
404,22,74,24.873762376237625
405,27,74,24.879012345679012
406,38,74,24.911330049261085
407,33,74,24.93120393120393
408,33,74,24.95098039215686
409,14,74,24.924205378973106
410,9,74,24.885365853658538
411,19,74,24.871046228710462
412,21,74,24.861650485436893
413,7,74,24.818401937046005
414,22,74,24.81159420289855
415,22,74,24.804819277108432
416,14,74,24.778846153846153
417,23,74,24.774580335731414
418,37,74,24.803827751196174
419,65,74,24.899761336515514
420,38,74,24.93095238095238
421,26,74,24.93349168646081
422,44,74,24.97867298578199
423,22,74,24.97163120567376
424,42,74,25.01179245283019
425,48,74,25.065882352941177
426,28,74,25.072769953051644
427,49,74,25.1288056206089
428,12,74,25.098130841121495
429,16,74,25.076923076923077
430,41,74,25.113953488372093
431,38,74,25.14385150812065
432,19,74,25.12962962962963
433,39,74,25.161662817551964
434,40,74,25.195852534562214
435,11,74,25.163218390804598
436,12,74,25.13302752293578
437,30,74,25.1441647597254
438,53,74,25.207762557077626
439,40,74,25.24145785876993
440,23,74,25.236363636363638
441,25,74,25.235827664399093
442,26,74,25.237556561085974
443,12,74,25.20767494356659
444,30,74,25.21846846846847
445,23,74,25.213483146067414
446,38,74,25.242152466367713
447,39,74,25.272930648769574
448,23,74,25.267857142857142
449,29,74,25.276169265033406
450,23,74,25.27111111111111
451,64,74,25.356984478935697
452,34,74,25.376106194690266
453,31,74,25.388520971302427
454,55,74,25.45374449339207
455,32,74,25.468131868131866
456,47,74,25.515350877192983
457,17,74,25.49671772428884
458,33,74,25.513100436681224
459,58,74,25.583877995642702
460,56,74,25.65
461,39,74,25.678958785249456
462,13,74,25.651515151515152
463,30,74,25.660907127429805
464,16,74,25.64008620689655
465,61,74,25.716129032258063
466,22,74,25.70815450643777
467,16,74,25.687366167023555
468,20,74,25.675213675213676
469,43,74,25.712153518123667
470,24,74,25.708510638297874
471,64,74,25.78980891719745
472,23,74,25.783898305084747
473,16,74,25.763213530655392
474,29,74,25.770042194092827
475,46,74,25.812631578947368
476,27,74,25.81512605042017
477,38,74,25.840670859538783
478,20,74,25.828451882845187
479,48,74,25.87473903966597
480,18,74,25.858333333333334
481,25,74,25.856548856548855
482,3,74,25.809128630705395
483,29,74,25.815734989648032
484,44,74,25.85330578512397
485,34,74,25.870103092783506
486,34,74,25.886831275720166
487,8,74,25.850102669404517
488,37,74,25.87295081967213
489,24,74,25.869120654396728
490,59,74,25.93673469387755
491,14,74,25.912423625254583
492,30,74,25.920731707317074
493,4,74,25.876267748478703
494,23,74,25.870445344129553
495,29,74,25.876767676767678
496,48,74,25.921370967741936
497,43,74,25.955734406438633
498,13,74,25.929718875502008
499,19,74,25.915831663326653
500,37,74,25.938
501,30,74,25.94610778443114
502,34,74,25.96215139442231
503,37,74,25.98409542743539
504,54,74,26.03968253968254
505,8,74,26.003960396039602
506,24,74,26.0
507,14,74,25.976331360946745
508,23,74,25.97047244094488
509,28,74,25.974459724950883
510,16,74,25.954901960784312
511,24,74,25.951076320939336
512,29,74,25.95703125
513,16,74,25.937621832358673
514,41,74,25.96692607003891
515,42,74,25.998058252427185
516,23,74,25.992248062015506
517,26,74,25.992263056092842
518,24,74,25.98841698841699
519,47,74,26.028901734104046
520,37,74,26.05
521,25,74,26.047984644913626
522,16,74,26.028735632183906
523,27,74,26.03059273422562
524,36,74,26.049618320610687
525,27,74,26.05142857142857
526,39,74,26.076045627376427
527,15,74,26.055028462998102
528,51,74,26.102272727272727
529,32,74,26.113421550094518
530,39,74,26.137735849056604
531,42,74,26.167608286252353
532,29,74,26.172932330827066
533,55,74,26.22701688555347
534,33,74,26.239700374531836
535,35,74,26.25607476635514
536,10,74,26.225746268656717
537,17,74,26.20856610800745
538,23,74,26.202602230483272
539,16,74,26.183673469387756
540,48,74,26.224074074074075
541,64,74,26.293900184842883
542,59,74,26.354243542435423
543,40,74,26.379373848987107
544,18,74,26.363970588235293
545,35,74,26.37981651376147
546,13,74,26.355311355311354
547,47,74,26.393053016453383
548,33,74,26.405109489051096
549,34,74,26.418943533697632
550,56,74,26.472727272727273
551,31,74,26.480943738656986
552,25,74,26.47826086956522
553,40,74,26.50271247739602
554,19,74,26.489169675090253
555,37,74,26.508108108108107
556,16,74,26.489208633093526
557,24,74,26.484739676840217
558,34,74,26.49820788530466
559,25,74,26.495527728085868
560,32,74,26.505357142857143
561,17,74,26.488413547237077
562,42,74,26.516014234875446
563,24,74,26.511545293072825
564,48,74,26.54964539007092
565,51,74,26.5929203539823
566,70,74,26.669611307420496
567,29,74,26.673721340388006
568,41,74,26.698943661971832
569,37,74,26.717047451669597
570,22,74,26.70877192982456
571,24,74,26.704028021015763
572,52,74,26.748251748251747
573,33,74,26.759162303664922
574,13,74,26.735191637630663
575,15,74,26.714782608695653
576,56,74,26.765625
577,33,74,26.776429809358753
578,26,74,26.775086505190313
579,49,74,26.813471502590673
580,11,74,26.786206896551725
581,17,74,26.76936316695353
582,38,74,26.788659793814432
583,24,74,26.783876500857634
584,38,74,26.80308219178082
585,13,74,26.77948717948718
586,15,74,26.75938566552901
587,34,74,26.771720613287904
588,38,74,26.790816326530614
589,29,74,26.794567062818338
590,25,74,26.791525423728814
591,38,74,26.810490693739425
592,36,74,26.826013513513512
593,73,74,26.903878583473862
594,41,74,26.92760942760943
595,21,74,26.91764705882353
596,18,74,26.90268456375839
597,25,74,26.899497487437184
598,16,74,26.881270903010034
599,20,74,26.869782971619365
600,37,74,26.886666666666667
601,25,74,26.883527454242927
602,21,74,26.87375415282392
603,32,74,26.882255389718075
604,8,74,26.850993377483444
605,46,74,26.882644628099175
606,28,74,26.884488448844884
607,19,74,26.87149917627677
608,34,74,26.883223684210527
609,44,74,26.911330049261085
610,31,74,26.918032786885245
611,48,74,26.95253682487725
612,29,74,26.955882352941178
613,28,74,26.957585644371942
614,54,74,27.001628664495115
615,39,74,27.021138211382112
616,31,74,27.0275974025974
617,33,74,27.037277147487845
618,28,74,27.038834951456312
619,23,74,27.032310177705977
620,47,74,27.06451612903226
621,40,74,27.085346215780998
622,38,74,27.10289389067524
623,24,74,27.097913322632422
624,31,74,27.104166666666668
625,27,74,27.104
626,30,74,27.108626198083066
627,28,74,27.11004784688995
628,22,74,27.101910828025478
629,34,74,27.112877583465817
630,53,74,27.153968253968255
631,25,74,27.15055467511886
632,18,74,27.13607594936709
633,16,74,27.118483412322274
634,29,74,27.121451104100945
635,35,74,27.133858267716537
636,36,74,27.147798742138363
637,21,74,27.138147566718995
638,24,74,27.13322884012539
639,45,74,27.161189358372457
640,21,74,27.1515625
641,48,74,27.18408736349454
642,38,74,27.200934579439252
643,34,74,27.211508553654742
644,39,74,27.229813664596275
645,64,74,27.286821705426355
646,33,74,27.295665634674922
647,29,74,27.298299845440493
648,31,74,27.304012345679013
649,39,74,27.322033898305083
650,42,74,27.344615384615384
651,15,74,27.325652841781874
652,38,74,27.3420245398773
653,29,74,27.34456355283308
654,36,74,27.357798165137616
655,62,74,27.410687022900763
656,31,74,27.416158536585368
657,33,74,27.424657534246574
658,28,74,27.425531914893618
659,53,74,27.464339908952958
660,34,74,27.474242424242423
661,48,74,27.505295007564296
662,23,74,27.498489425981873
663,32,74,27.5052790346908
664,29,74,27.507530120481928
665,33,74,27.51578947368421
666,41,74,27.536036036036037
667,19,74,27.523238380809595
668,29,74,27.525449101796408
669,37,74,27.539611360239164
670,35,74,27.550746268656717
671,27,74,27.549925484351714
672,43,74,27.572916666666668
673,16,74,27.555720653789006
674,13,74,27.534124629080118
675,48,74,27.564444444444444
676,23,74,27.557692307692307
677,29,74,27.559822747415065
678,32,74,27.56637168141593
679,46,74,27.593519882179677
680,20,74,27.58235294117647
681,35,74,27.59324522760646
682,29,74,27.59530791788856
683,36,74,27.60761346998536
684,28,74,27.608187134502923
685,37,74,27.62189781021898
686,62,74,27.67201166180758
687,28,74,27.67248908296943
688,22,74,27.664244186046513
689,17,74,27.64876632801161
690,25,74,27.644927536231883
691,36,74,27.65701881331404
692,33,74,27.664739884393065
693,34,74,27.673881673881674
694,4,74,27.639769452449567
695,13,74,27.618705035971225
696,47,74,27.646551724137932
697,43,74,27.66857962697274
698,29,74,27.67048710601719
699,16,74,27.65379113018598
700,41,74,27.672857142857143
701,53,74,27.708987161198287
702,36,74,27.72079772079772
703,51,74,27.753911806543385
704,51,74,27.786931818181817
705,24,74,27.781560283687945
706,26,74,27.77903682719547
707,38,74,27.793493635077795
708,25,74,27.78954802259887
709,34,74,27.798307475317348
710,49,74,27.82816901408451
711,59,74,27.87201125175809
712,34,74,27.88061797752809
713,42,74,27.900420757363253
714,41,74,27.9187675070028
715,17,74,27.903496503496502
716,35,74,27.91340782122905
717,20,74,27.9023709902371
718,40,74,27.919220055710305
719,40,74,27.936022253129348
720,30,74,27.93888888888889
721,31,74,27.943134535367545
722,41,74,27.9612188365651
723,21,74,27.951590594744122
724,51,74,27.983425414364643
725,40,74,28.0
726,27,74,27.99862258953168
727,48,74,28.026134800550206
728,17,74,28.01098901098901
729,26,74,28.008230452674898
730,30,74,28.01095890410959
731,33,74,28.01778385772914
732,26,74,28.01502732240437
733,44,74,28.036834924965895
734,13,74,28.016348773841962
735,46,74,28.040816326530614
736,39,74,28.05570652173913
737,22,74,28.047489823609226
738,30,74,28.050135501355015
739,48,74,28.077131258457374
740,57,74,28.116216216216216
741,36,74,28.126855600539812
742,17,74,28.11185983827493
743,14,74,28.092866756393
744,22,74,28.08467741935484
745,35,74,28.093959731543624
746,39,74,28.10857908847185
747,53,74,28.14190093708166
748,7,74,28.113636363636363
749,37,74,28.125500667556743
750,21,74,28.116
751,41,74,28.133155792276963
752,48,74,28.159574468085108
753,34,74,28.16733067729084
754,37,74,28.179045092838198
755,26,74,28.17615894039735
756,30,74,28.178571428571427
757,21,74,28.16908850726552
758,14,74,28.150395778364118
759,30,74,28.152832674571805
760,24,74,28.147368421052633
761,42,74,28.16557161629435
762,40,74,28.181102362204726
763,29,74,28.182175622542594
764,35,74,28.191099476439792
765,29,74,28.192156862745097
766,14,74,28.173629242819842
767,20,74,28.16297262059974
768,48,74,28.188802083333332
769,20,74,28.17815344603381
770,29,74,28.179220779220778
771,54,74,28.212710765239947
772,31,74,28.216321243523318
773,40,74,28.23156532988357
774,37,74,28.242894056847547
775,34,74,28.25032258064516
776,33,74,28.25644329896907
777,30,74,28.25868725868726
778,36,74,28.268637532133678
779,71,74,28.323491655969192
780,40,74,28.338461538461537
781,26,74,28.335467349551855
782,37,74,28.346547314578004
783,25,74,28.34227330779055
784,13,74,28.322704081632654
785,8,74,28.296815286624202
786,39,74,28.310432569974555
787,57,74,28.346886912325285
788,34,74,28.354060913705585
789,18,74,28.340937896070976
790,24,74,28.335443037974684
791,35,74,28.343868520859672
792,58,74,28.38131313131313
793,33,74,28.387137452711222
794,21,74,28.377833753148614
795,40,74,28.39245283018868
796,30,74,28.394472361809044
797,24,74,28.388958594730237
798,41,74,28.404761904761905
799,43,74,28.423028785982478
800,31,74,28.42625
801,43,74,28.444444444444443
802,36,74,28.453865336658353
803,23,74,28.447073474470734
804,25,74,28.442786069651742
805,46,74,28.464596273291924
806,23,74,28.457816377171216
807,30,74,28.459727385377942
808,26,74,28.456683168316832
809,33,74,28.46229913473424
810,28,74,28.46172839506173
811,37,74,28.47225647348952
812,35,74,28.480295566502463
813,44,74,28.49938499384994
814,14,74,28.48157248157248
815,35,74,28.48957055214724
816,22,74,28.481617647058822
817,38,74,28.49326805385557
818,18,74,28.480440097799512
819,27,74,28.478632478632477
820,31,74,28.48170731707317
821,45,74,28.501827040194883
822,35,74,28.509732360097324
823,34,74,28.51640340218712
824,16,74,28.50121359223301
825,42,74,28.517575757575756
826,14,74,28.5
827,29,74,28.500604594921402
828,38,74,28.51207729468599
829,17,74,28.498190591073584
830,36,74,28.50722891566265
831,38,74,28.518652226233453
832,30,74,28.520432692307693
833,53,74,28.54981992797119
834,60,74,28.587529976019184
835,20,74,28.577245508982035
836,33,74,28.582535885167463
837,15,74,28.566308243727597
838,32,74,28.570405727923628
839,51,74,28.597139451728246
840,51,74,28.623809523809523
841,25,74,28.619500594530322
842,63,74,28.660332541567698
843,24,74,28.654804270462634
844,13,74,28.636255924170616
845,42,74,28.65207100591716
846,45,74,28.671394799054372
847,30,74,28.672963400236128
848,30,74,28.67452830188679
849,21,74,28.665488810365137
850,49,74,28.68941176470588
851,40,74,28.7027027027027
852,35,74,28.710093896713616
853,18,74,28.697538100820633
854,21,74,28.688524590163933
855,30,74,28.690058479532162
856,32,74,28.69392523364486
857,26,74,28.69078179696616
858,51,74,28.716783216783217
859,29,74,28.71711292200233
860,33,74,28.722093023255812
861,2,74,28.691056910569106
862,26,74,28.687935034802784
863,17,74,28.67439165701043
864,33,74,28.67939814814815
865,32,74,28.68323699421965
866,43,74,28.699769053117784
867,46,74,28.719723183391004
868,18,74,28.707373271889402
869,37,74,28.71691599539701
870,24,74,28.711494252873564
871,37,74,28.72101033295063
872,20,74,28.711009174311926
873,21,74,28.702176403207332
874,51,74,28.727688787185354
875,35,74,28.73485714285714
876,36,74,28.743150684931507
877,24,74,28.737742303306728
878,30,74,28.739179954441912
879,34,74,28.745164960182024
880,54,74,28.773863636363636
881,30,74,28.775255391600453
882,38,74,28.785714285714285
883,20,74,28.7757644394111
884,27,74,28.773755656108598
885,39,74,28.785310734463277
886,21,74,28.776523702031604
887,16,74,28.762119503945886
888,34,74,28.76801801801802
889,26,74,28.76490438695163
890,44,74,28.782022471910114
891,52,74,28.80808080808081
892,33,74,28.812780269058297
893,29,74,28.81298992161254
894,23,74,28.80648769574944
895,24,74,28.801117318435754
896,35,74,28.808035714285715
897,53,74,28.83500557413601
898,32,74,28.838530066815146
899,33,74,28.843159065628477
900,15,74,28.82777777777778
901,33,74,28.832408435072143
902,33,74,28.837028824833702
903,29,74,28.837209302325583
904,18,74,28.825221238938052
905,15,74,28.809944751381217
906,22,74,28.80242825607064
907,22,74,28.794928335170894
908,26,74,28.79185022026432
909,23,74,28.785478547854787
910,20,74,28.775824175824177
911,48,74,28.796926454445664
912,44,74,28.81359649122807
913,41,74,28.826944140197153
914,16,74,28.812910284463896
915,41,74,28.82622950819672
916,37,74,28.83515283842795
917,22,74,28.827699018538713
918,31,74,28.830065359477125
919,31,74,28.832426550598477
920,17,74,28.819565217391304
921,45,74,28.8371335504886
922,24,74,28.83188720173536
923,32,74,28.8353196099675
924,30,74,28.836580086580085
925,16,74,28.822702702702703
926,38,74,28.832613390928724
927,21,74,28.824163969795038
928,40,74,28.836206896551722
929,17,74,28.82346609257266
930,25,74,28.81935483870968
931,30,74,28.82062298603652
932,16,74,28.8068669527897
933,48,74,28.827438370846732
934,29,74,28.82762312633833
935,49,74,28.849197860962565
936,16,74,28.835470085470085
937,47,74,28.85485592315902
938,43,74,28.86993603411514
939,57,74,28.89989350372737
940,31,74,28.902127659574468
941,25,74,28.89798087141339
942,37,74,28.906581740976645
943,36,74,28.914103923647932
944,53,74,28.939618644067796
945,23,74,28.933333333333334
946,21,74,28.92494714587738
947,41,74,28.9376979936642
948,51,74,28.96097046413502
949,37,74,28.969441517386723
950,17,74,28.956842105263156
951,46,74,28.974763406940063
952,32,74,28.977941176470587
953,52,74,29.002098635886675
954,18,74,28.99056603773585
955,19,74,28.980104712041886
956,27,74,28.978033472803347
957,30,74,28.979101358411704
958,13,74,28.96242171189979
959,32,74,28.96558915537018
960,46,74,28.983333333333334
961,27,74,28.98126951092612
962,40,74,28.992723492723492
963,27,74,28.990654205607477
964,39,74,29.00103734439834
965,36,74,29.008290155440413
966,10,74,28.988612836438925
967,49,74,29.00930713547053
968,21,74,29.001033057851238
969,44,74,29.016511867905056
970,17,74,29.004123711340206
971,24,74,28.998970133882594
972,21,74,28.99074074074074
973,13,74,28.974306269270297
974,15,74,28.959958932238195
975,25,74,28.955897435897437
976,41,74,28.96823770491803
977,24,74,28.96315250767656
978,26,74,28.960122699386503
979,31,74,28.96220633299285
980,23,74,28.956122448979592
981,30,74,28.95718654434251
982,39,74,28.967413441955195
983,47,74,28.985757884028484
984,38,74,28.994918699186993
985,48,74,29.014213197969543
986,21,74,29.006085192697768
987,37,74,29.01418439716312
988,3,74,28.987854251012145
989,42,74,29.001011122345805
990,17,74,28.988888888888887
991,35,74,28.994954591321896
992,23,74,28.98891129032258
993,27,74,28.986908358509567
994,42,74,29.0
995,56,74,29.02713567839196
996,24,74,29.022088353413654
997,9,74,29.002006018054164
998,34,74,29.007014028056112
999,24,74,29.002002002002
1000,36,74,29.009
1001,21,74,29.000999000999002
1002,29,74,29.000998003992017
1003,34,74,29.005982053838483
1004,35,74,29.01195219123506
1005,44,74,29.02686567164179
1006,25,74,29.02286282306163
1007,16,74,29.00993048659384
1008,24,74,29.004960317460316
1009,26,74,29.001982160555006
1010,14,74,28.987128712871286
1011,8,74,28.966369930761623
1012,21,74,28.958498023715414
1013,30,74,28.959526159921026
1014,37,74,28.967455621301774
1015,34,74,28.97241379310345
1016,40,74,28.983267716535433
1017,52,74,29.00589970501475
1018,23,74,29.0
1019,44,74,29.014720314033365
1020,29,74,29.014705882352942
1021,34,74,29.019588638589617
1022,41,74,29.031311154598825
1023,30,74,29.032258064516128
1024,22,74,29.025390625
1025,28,74,29.024390243902438
1026,24,74,29.019493177387915
1027,31,74,29.021421616358325
1028,17,74,29.009727626459146
1029,25,74,29.005830903790088
1030,21,74,28.998058252427185
1031,41,74,29.009699321047528
1032,14,74,28.99515503875969
1033,47,74,29.012584704743464
1034,9,74,28.993230174081237
1035,12,74,28.9768115942029
1036,21,74,28.969111969111967
1037,36,74,28.97589199614272
1038,20,74,28.967244701348747
1039,35,74,28.973051010587103
1040,34,74,28.977884615384614
1041,30,74,28.978866474543707
1042,12,74,28.96257197696737
1043,60,74,28.992329817833173
1044,50,74,29.012452107279692
1045,27,74,29.010526315789473
1046,38,74,29.019120458891013
1047,2,74,28.99331423113658
1048,30,74,28.994274809160306
1049,27,74,28.992373689227836
1050,30,74,28.993333333333332
1051,10,74,28.97526165556613
1052,26,74,28.972433460076047
1053,53,74,28.995251661918328
1054,43,74,29.00853889943074
1055,26,74,29.00568720379147
1056,30,74,29.00662878787879
1057,20,74,28.99810785241249
1058,34,74,29.002835538752365
1059,46,74,29.018885741265343
1060,54,74,29.04245283018868
1061,65,74,29.076343072573046
1062,27,74,29.074387947269305
1063,19,74,29.064910630291628
1064,24,74,29.06015037593985
1065,41,74,29.07136150234742
1066,41,74,29.082551594746718
1067,23,74,29.07685098406748
1068,26,74,29.073970037453183
1069,26,74,29.0710944808232
1070,33,74,29.074766355140188
1071,17,74,29.063492063492063
1072,40,74,29.073694029850746
1073,52,74,29.095060577819197
1074,43,74,29.10800744878957
1075,45,74,29.122790697674418
1076,31,74,29.12453531598513
1077,19,74,29.115134633240483
1078,38,74,29.123376623376622
1079,17,74,29.112140871177015
1080,48,74,29.12962962962963
1081,49,74,29.148011100832562
1082,58,74,29.17467652495379
1083,14,74,29.1606648199446
1084,13,74,29.145756457564577
1085,35,74,29.151152073732717
1086,33,74,29.154696132596683
1087,10,74,29.137074517019318
1088,21,74,29.129595588235293
1089,38,74,29.137741046831955
1090,39,74,29.146788990825687
1091,33,74,29.15032080659945
1092,48,74,29.167582417582416
1093,48,74,29.184812442817933
1094,53,74,29.206581352833638
1095,34,74,29.21095890410959
1096,35,74,29.21624087591241
1097,27,74,29.21422060164084
1098,26,74,29.21129326047359
1099,23,74,29.205641492265695
1100,10,74,29.188181818181818
1101,31,74,29.189827429609444
1102,47,74,29.205989110707804
1103,24,74,29.201269265639166
1104,33,74,29.204710144927535
1105,21,74,29.197285067873302
1106,27,74,29.195298372513562
1107,16,74,29.18337850045167
1108,38,74,29.1913357400722
1109,30,74,29.192064923354373
1110,25,74,29.188288288288287
1111,16,74,29.176417641764175
1112,35,74,29.181654676258994
1113,37,74,29.18867924528302
1114,48,74,29.20556552962298
1115,47,74,29.22152466367713
1116,10,74,29.204301075268816
1117,35,74,29.2094897045658
1118,22,74,29.20304114490161
1119,41,74,29.213583556747096
1120,44,74,29.226785714285715
1121,28,74,29.225691347011598
1122,33,74,29.229055258467024
1123,24,74,29.224398931433658
1124,17,74,29.2135231316726
1125,21,74,29.206222222222223
1126,51,74,29.22557726465364
1127,12,74,29.210292812777286
1128,25,74,29.206560283687942
1129,26,74,29.203720106288753
1130,45,74,29.217699115044248
1131,19,74,29.20866489832007
1132,28,74,29.207597173144876
1133,35,74,29.21270962047661
1134,33,74,29.21604938271605
1135,45,74,29.229955947136563
1136,50,74,29.24823943661972
1137,52,74,29.26824978012313
1138,28,74,29.26713532513181
1139,22,74,29.260755048287972
1140,31,74,29.262280701754385
1141,25,74,29.25854513584575
1142,67,74,29.291593695271455
1143,17,74,29.280839895013123
1144,22,74,29.274475524475523
1145,35,74,29.27947598253275
1146,19,74,29.270506108202444
1147,29,74,29.27027027027027
1148,46,74,29.284843205574912
1149,33,74,29.288076588337685
1150,41,74,29.29826086956522
1151,34,74,29.302345786272806
1152,65,74,29.333333333333332
1153,49,74,29.350390286209887
1154,27,74,29.348353552859617
1155,19,74,29.33939393939394
1156,43,74,29.35121107266436
1157,31,74,29.352636127917027
1158,65,74,29.383419689119172
1159,39,74,29.39171699741156
1160,41,74,29.401724137931033
1161,45,74,29.415159345391903
1162,27,74,29.413080895008605
1163,19,74,29.404127257093723
1164,26,74,29.401202749140893
1165,40,74,29.41030042918455
1166,55,74,29.432246998284736
1167,17,74,29.42159383033419
1168,47,74,29.436643835616437
1169,14,74,29.42343883661249
1170,32,74,29.425641025641024
1171,25,74,29.421861656703673
1172,19,74,29.41296928327645
1173,41,74,29.422847399829497
1174,55,74,29.444633730834752
1175,26,74,29.441702127659575
1176,29,74,29.441326530612244
1177,62,74,29.468988954970264
1178,46,74,29.4830220713073
1179,34,74,29.48685326547922
1180,22,74,29.480508474576272
1181,33,74,29.483488569009314
1182,40,74,29.492385786802032
1183,32,74,29.494505494505493
1184,40,74,29.50337837837838
1185,25,74,29.49957805907173
1186,31,74,29.500843170320405
1187,19,74,29.491996630160067
1188,34,74,29.495791245791246
1189,39,74,29.503784693019345
1190,24,74,29.499159663865544
1191,53,74,29.51889168765743
1192,55,74,29.540268456375838
1193,29,74,29.539815590947192
1194,42,74,29.550251256281406
1195,40,74,29.558995815899582
1196,27,74,29.55685618729097
1197,19,74,29.548036758563075
1198,43,74,29.55926544240401
1199,39,74,29.567139282735614
1200,27,74,29.565
1201,33,74,29.567860116569527
1202,26,74,29.564891846921796
1203,25,74,29.561097256857856
1204,23,74,29.555647840531563
1205,44,74,29.567634854771786
1206,50,74,29.584577114427862
1207,20,74,29.576636288318145
1208,26,74,29.573675496688743
1209,31,74,29.574855252274606
1210,25,74,29.57107438016529
1211,38,74,29.578034682080926
1212,26,74,29.575082508250826
1213,27,74,29.572959604286893
1214,34,74,29.57660626029654
1215,33,74,29.57942386831276
1216,49,74,29.595394736842106
1217,10,74,29.579293344289237
1218,24,74,29.57471264367816
1219,11,74,29.559474979491387
1220,36,74,29.564754098360655
1221,24,74,29.56019656019656
1222,32,74,29.562193126022912
1223,41,74,29.57154538021259
1224,34,74,29.575163398692812
1225,30,74,29.57551020408163
1226,33,74,29.578303425774877
1227,43,74,29.589242053789732
1228,49,74,29.605048859934854
1229,30,74,29.605370219690805
1230,25,74,29.601626016260163
1231,19,74,29.59301380991064
1232,13,74,29.579545454545453
1233,19,74,29.57096512570965
1234,25,74,29.567260940032416
1235,3,74,29.54574898785425
1236,30,74,29.546116504854368
1237,33,74,29.54890864995958
1238,19,74,29.540387722132472
1239,26,74,29.537530266343826
1240,46,74,29.550806451612903
1241,45,74,29.563255439161967
1242,36,74,29.568438003220614
1243,27,74,29.56637168141593
1244,21,74,29.559485530546624
1245,24,74,29.555020080321285
1246,10,74,29.53932584269663
1247,26,74,29.536487570168404
1248,43,74,29.547275641025642
1249,46,74,29.56044835868695
1250,8,74,29.5432
1251,49,74,29.558752997601918
1252,47,74,29.572683706070286
1253,31,74,29.573822825219473
1254,60,74,29.598086124401913
1255,25,74,29.594422310756972
1256,28,74,29.59315286624204
1257,22,74,29.58711217183771
1258,24,74,29.582670906200317
1259,32,74,29.5845909451946
1260,26,74,29.581746031746032
1261,35,74,29.586042823156227
1262,19,74,29.577654516640255
1263,29,74,29.577197149643705
1264,13,74,29.564082278481013
1265,48,74,29.578656126482212
1266,36,74,29.583728278041075
1267,20,74,29.57616416732439
1268,19,74,29.56782334384858
1269,35,74,29.57210401891253
1270,30,74,29.57244094488189
1271,35,74,29.57671125098348
1272,67,74,29.6061320754717
1273,42,74,29.615868028279653
1274,58,74,29.638147566718995
1275,39,74,29.64549019607843
1276,25,74,29.641849529780565
1277,48,74,29.656225528582617
1278,47,74,29.669796557120502
1279,62,74,29.695074276778733
1280,25,74,29.69140625
1281,49,74,29.70647931303669
1282,30,74,29.706708268330733
1283,15,74,29.695245518316447
1284,27,74,29.693146417445483
1285,14,74,29.68093385214008
1286,16,74,29.670295489891135
1287,21,74,29.663558663558664
1288,22,74,29.657608695652176
1289,37,74,29.663304887509696
1290,35,74,29.667441860465118
1291,29,74,29.666924864446166
1292,21,74,29.660216718266255
1293,31,74,29.661252900232018
1294,42,74,29.67078825347759
1295,39,74,29.677992277992278
1296,27,74,29.675925925925927
1297,23,74,29.670778720123362
1298,49,74,29.68567026194145
1299,45,74,29.69745958429561
1300,38,74,29.703846153846154
1301,36,74,29.7086856264412
1302,41,74,29.717357910906298
1303,52,74,29.734458940905604
1304,39,74,29.741564417177916
1305,25,74,29.73793103448276
1306,21,74,29.731240428790198
1307,48,74,29.74521805661821
1308,48,74,29.759174311926607
1309,43,74,29.769289533995416
1310,23,74,29.76412213740458
1311,31,74,29.765064836003052
1312,24,74,29.760670731707318
1313,49,74,29.775323686214776
1314,36,74,29.78006088280061
1315,28,74,29.7787072243346
1316,53,74,29.796352583586625
1317,47,74,29.809415337889142
1318,48,74,29.82321699544765
1319,35,74,29.827141774071265
1320,36,74,29.831818181818182
1321,11,74,29.81756245268736
1322,38,74,29.82375189107413
1323,15,74,29.81254724111867
1324,16,74,29.80211480362538
1325,30,74,29.802264150943397
1326,18,74,29.793363499245853
1327,53,74,29.81085154483798
1328,51,74,29.826807228915662
1329,43,74,29.836719337848006
1330,45,74,29.84812030075188
1331,16,74,29.83771600300526
1332,46,74,29.84984984984985
1333,10,74,29.83495873968492
1334,22,74,29.829085457271365
1335,32,74,29.83071161048689
1336,46,74,29.842814371257486
1337,35,74,29.846671652954374
1338,13,74,29.83408071748879
1339,34,74,29.837191934279314
1340,17,74,29.827611940298507
1341,17,74,29.818046234153616
1342,8,74,29.801788375558868
1343,48,74,29.815338793745347
1344,51,74,29.83110119047619
1345,16,74,29.82081784386617
1346,30,74,29.820950965824665
1347,21,74,29.814402375649593
1348,43,74,29.82418397626113
1349,35,74,29.82802075611564
1350,32,74,29.82962962962963
1351,25,74,29.826054774241303
1352,18,74,29.817307692307693
1353,38,74,29.823355506282336
1354,33,74,29.825701624815363
1355,35,74,29.82952029520295
1356,43,74,29.839233038348084
1357,28,74,29.837877671333825
1358,6,74,29.820324005891017
1359,20,74,29.813097866078
1360,28,74,29.811764705882354
1361,36,74,29.816311535635563
1362,50,74,29.831130690161526
1363,52,74,29.847395451210566
1364,48,74,29.860703812316714
1365,32,74,29.862271062271063
1366,49,74,29.87628111273792
1367,19,74,29.868324798829555
1368,22,74,29.862573099415204
1369,40,74,29.8699780861943
1370,64,74,29.894890510948905
1371,29,74,29.89423778264041
1372,23,74,29.889212827988338
1373,43,74,29.89876183539694
1374,6,74,29.88136826783115
1375,15,74,29.870545454545454
1376,31,74,29.87136627906977
1377,22,74,29.86564996368918
1378,23,74,29.86066763425254
1379,41,74,29.86874546773024
1380,30,74,29.868840579710145
1381,41,74,29.876900796524257
1382,40,74,29.88422575976845
1383,49,74,29.89804772234273
1384,43,74,29.90751445086705
1385,58,74,29.927797833935017
1386,31,74,29.928571428571427
1387,45,74,29.93943763518385
1388,25,74,29.935878962536023
1389,17,74,29.92656587473002
1390,54,74,29.94388489208633
1391,32,74,29.945363048166787
1392,42,74,29.95402298850575
1393,30,74,29.954055994257
1394,29,74,29.953371592539455
1395,49,74,29.967025089605734
1396,25,74,29.9634670487106
1397,20,74,29.9563350035791
1398,30,74,29.95636623748212
1399,47,74,29.96854896354539
1400,12,74,29.955714285714286
1401,33,74,29.95788722341185
1402,31,74,29.958630527817405
1403,35,74,29.96222380612972
1404,25,74,29.95868945868946
1405,40,74,29.965836298932384
1406,37,74,29.970839260312946
1407,36,74,29.975124378109452
1408,38,74,29.980823863636363
1409,48,74,29.99361249112846
1410,60,74,30.014893617021276
1411,56,74,30.03330970942594
1412,21,74,30.026912181303118
1413,26,74,30.02406227883935
1414,19,74,30.016265912305517
1415,25,74,30.01272084805654
1416,32,74,30.01412429378531
1417,28,74,30.01270289343684
1418,17,74,30.00352609308886
1419,10,74,29.98942917547569
1420,16,74,29.979577464788733
1421,33,74,29.981703026038
1422,28,74,29.980309423347396
1423,49,74,29.99367533380183
1424,35,74,29.997191011235955
1425,26,74,29.99438596491228
1426,39,74,30.00070126227209
1427,24,74,29.996496145760336
1428,47,74,30.008403361344538
1429,40,74,30.015395381385584
1430,30,74,30.015384615384615
1431,15,74,30.004891684136968
1432,71,74,30.033519553072626
1433,30,74,30.033496161898118
1434,37,74,30.038354253835426
1435,57,74,30.057142857142857
1436,37,74,30.061977715877436
1437,28,74,30.06054279749478
1438,32,74,30.061891515994436
1439,30,74,30.06184850590688
1440,25,74,30.058333333333334
1441,32,74,30.05968077723803
1442,59,74,30.07975034674064
1443,33,74,30.081774081774082
1444,29,74,30.081024930747922
1445,51,74,30.095501730103805
1446,44,74,30.105117565698478
1447,15,74,30.094678645473394
1448,31,74,30.095303867403317
1449,18,74,30.08695652173913
1450,17,74,30.07793103448276
1451,19,74,30.07029634734666
1452,29,74,30.06955922865014
1453,27,74,30.06744666207846
1454,11,74,30.05433287482806
1455,16,74,30.0446735395189
1456,47,74,30.056318681318682
1457,37,74,30.06108442004118
1458,38,74,30.06652949245542
1459,32,74,30.067854694996573
1460,61,74,30.089041095890412
1461,19,74,30.08145106091718
1462,21,74,30.075239398084815
1463,62,74,30.09706083390294
1464,14,74,30.08606557377049
1465,26,74,30.083276450511946
1466,26,74,30.080491132332877
1467,15,74,30.070211315610088
1468,41,74,30.077656675749317
1469,26,74,30.074880871341048
1470,34,74,30.077551020408162
1471,27,74,30.075458871515977
1472,57,74,30.09375
1473,15,74,30.083503054989816
1474,26,74,30.080732700135684
1475,14,74,30.069830508474578
1476,28,74,30.068428184281842
1477,41,74,30.075829383886255
1478,36,74,30.079837618403246
1479,32,74,30.081135902636916
1480,35,74,30.08445945945946
1481,17,74,30.075624577987845
1482,41,74,30.082995951417004
1483,34,74,30.085637221847605
1484,29,74,30.08490566037736
1485,64,74,30.107744107744107
1486,2,74,30.088829071332437
1487,42,74,30.09683927370545
1488,31,74,30.09744623655914
1489,47,74,30.108797850906647
1490,55,74,30.125503355704698
1491,50,74,30.138832997987926
1492,18,74,30.130697050938338
1493,51,74,30.144675150703282
1494,28,74,30.143239625167336
1495,50,74,30.156521739130437
1496,24,74,30.1524064171123
1497,48,74,30.16432865731463
1498,35,74,30.167556742323097
1499,34,74,30.170113408939294
1500,33,74,30.172
1501,39,74,30.177881412391738
1502,31,74,30.178428761651134
1503,37,74,30.18296739853626
1504,45,74,30.19281914893617
1505,34,74,30.195348837209302
1506,2,74,30.176626826029217
1507,50,74,30.18978102189781
1508,26,74,30.187002652519894
1509,35,74,30.190192180251824
1510,51,74,30.203973509933775
1511,53,74,30.219060225016545
1512,18,74,30.210978835978835
1513,22,74,30.20555188367482
1514,30,74,30.205416116248347
1515,35,74,30.20858085808581
1516,27,74,30.206464379947228
1517,37,74,30.21094264996704
1518,44,74,30.220026350461133
1519,45,74,30.22975641869651
1520,33,74,30.231578947368423
1521,34,74,30.23405654174885
1522,23,74,30.229303547963205
1523,22,74,30.223900196979645
1524,26,74,30.221128608923884
1525,32,74,30.222295081967214
1526,27,74,30.220183486238533
1527,37,74,30.224623444662736
1528,40,74,30.231020942408378
1529,21,74,30.22498364944408
1530,59,74,30.243790849673204
1531,25,74,30.24036577400392
1532,36,74,30.244125326370757
1533,52,74,30.258317025440313
1534,28,74,30.25684485006519
1535,43,74,30.26514657980456
1536,24,74,30.261067708333332
1537,18,74,30.253090435914118
1538,50,74,30.265929778933682
1539,37,74,30.270305393112412
1540,11,74,30.257792207792207
1541,22,74,30.252433484750163
1542,69,74,30.277561608300907
1543,60,74,30.296824368114063
1544,37,74,30.30116580310881
1545,25,74,30.297734627831716
1546,43,74,30.30595084087969
1547,23,74,30.301228183581124
1548,40,74,30.30749354005168
1549,24,74,30.303421562298258
1550,46,74,30.313548387096773
1551,22,74,30.308188265635074
1552,9,74,30.2944587628866
1553,71,74,30.320669671603348
1554,37,74,30.324967824967825
1555,32,74,30.32604501607717
1556,24,74,30.3219794344473
1557,33,74,30.32369942196532
1558,28,74,30.322207958921695
1559,41,74,30.329057087876844
1560,29,74,30.328205128205127
1561,27,74,30.326073030108905
1562,31,74,30.32650448143406
1563,21,74,30.320537428023034
1564,37,74,30.324808184143222
1565,23,74,30.320127795527156
1566,31,74,30.320561941251597
1567,44,74,30.32929164007658
1568,42,74,30.336734693877553
1569,49,74,30.348629700446143
1570,33,74,30.35031847133758
1571,12,74,30.338637810311905
1572,24,74,30.334605597964376
1573,24,74,30.330578512396695
1574,46,74,30.340533672172807
1575,43,74,30.34857142857143
1576,43,74,30.356598984771573
1577,18,74,30.34876347495244
1578,33,74,30.35044359949303
1579,26,74,30.347688410386322
1580,34,74,30.35
1581,12,74,30.338393421884884
1582,20,74,30.331858407079647
1583,35,74,30.334807327858496
1584,21,74,30.328914141414142
1585,28,74,30.327444794952683
1586,58,74,30.344892812105925
1587,45,74,30.354127284183996
1588,18,74,30.3463476070529
1589,39,74,30.35179358086847
1590,50,74,30.364150943396226
1591,44,74,30.37272155876807
1592,28,74,30.371231155778894
1593,36,74,30.374764595103578
1594,17,74,30.366373902133
1595,37,74,30.370532915360503
1596,28,74,30.36904761904762
1597,33,74,30.370695053224797
1598,42,74,30.377972465581976
1599,39,74,30.3833646028768
1600,51,74,30.39625
1601,69,74,30.420362273579013
1602,21,74,30.414481897627965
1603,14,74,30.404242046163443
1604,53,74,30.418329177057355
1605,46,74,30.42803738317757
1606,38,74,30.432752179327522
1607,29,74,30.431860609831986
1608,63,74,30.452114427860696
1609,31,74,30.452454940957118
1610,36,74,30.455900621118012
1611,33,74,30.45747982619491
1612,8,74,30.443548387096776
1613,25,74,30.440173589584624
1614,25,74,30.436802973977695
1615,36,74,30.440247678018576
1616,27,74,30.43811881188119
1617,39,74,30.443413729128014
1618,37,74,30.447466007416562
1619,36,74,30.4508956145769
1620,10,74,30.438271604938272
1621,30,74,30.438001233806293
1622,39,74,30.44327990135635
1623,36,74,30.446703635243377
1624,42,74,30.45381773399015
1625,4,74,30.437538461538463
1626,42,74,30.444649446494466
1627,29,74,30.44376152427781
1628,52,74,30.457002457002456
1629,45,74,30.465930018416206
1630,53,74,30.479754601226993
1631,15,74,30.47026364193746
1632,33,74,30.471813725490197
1633,12,74,30.46050214329455
1634,6,74,30.445532435740514
1635,27,74,30.4434250764526
1636,36,74,30.44682151589242
1637,31,74,30.447159437996334
1638,48,74,30.457875457875456
1639,24,74,30.45393532641855
1640,40,74,30.459756097560977
1641,35,74,30.462522851919562
1642,28,74,30.461023142509134
1643,37,74,30.465003043213635
1644,29,74,30.464111922141118
1645,16,74,30.45531914893617
1646,34,74,30.457472660996356
1647,11,74,30.445658773527626
1648,32,74,30.446601941747574
1649,40,74,30.452395391146148
1650,21,74,30.446666666666665
1651,51,74,30.459115687462145
1652,43,74,30.466707021791766
1653,19,74,30.45977011494253
1654,2,74,30.44256348246675
1655,32,74,30.443504531722056
1656,18,74,30.435990338164252
1657,27,74,30.433916716958358
1658,28,74,30.43244873341375
1659,24,74,30.428571428571427
1660,47,74,30.43855421686747
1661,44,74,30.44671884406984
1662,30,74,30.446450060168473
1663,17,74,30.438364401683703
1664,18,74,30.430889423076923
1665,25,74,30.42762762762763
1666,30,74,30.42737094837935
1667,29,74,30.426514697060586
1668,38,74,30.4310551558753
1669,25,74,30.427801078490113
1670,51,74,30.440119760479043
1671,33,74,30.44165170556553
1672,38,74,30.446172248803826
1673,31,74,30.446503287507472
1674,27,74,30.444444444444443
1675,42,74,30.45134328358209
1676,39,74,30.456443914081145
1677,26,74,30.453786523553966
1678,39,74,30.458879618593564
1679,74,74,30.484812388326386
1680,28,74,30.483333333333334
1681,19,74,30.47650208209399
1682,39,74,30.48156956004756
1683,32,74,30.482471776589424
1684,48,74,30.492874109263656
1685,36,74,30.49614243323442
1686,35,74,30.498813760379598
1687,6,74,30.48429164196799
1688,32,74,30.485189573459717
1689,25,74,30.48194197750148
1690,57,74,30.497633136094674
1691,26,74,30.494973388527498
1692,33,74,30.49645390070922
1693,31,74,30.49675132900177
1694,31,74,30.497048406139314
1695,27,74,30.494985250737464
1696,42,74,30.50176886792453
1697,49,74,30.51266941661756
1698,41,74,30.5188457008245
1699,17,74,30.510888758092996
1700,27,74,30.508823529411764
1701,48,74,30.519106407995295
1702,26,74,30.516451233842538
1703,58,74,30.532589547856723
1704,49,74,30.543427230046948
1705,46,74,30.5524926686217
1706,33,74,30.553927315357562
1707,23,74,30.549502050380784
1708,19,74,30.542740046838407
1709,33,74,30.544177881802224
1710,22,74,30.539181286549706
1711,32,74,30.540035067212155
1712,11,74,30.5286214953271
1713,29,74,30.52772913018097
1714,2,74,30.51108518086348
1715,15,74,30.50204081632653
1716,27,74,30.5
1717,40,74,30.5055329062318
1718,19,74,30.4988358556461
1719,11,74,30.487492728330423
1720,19,74,30.480813953488372
1721,53,74,30.493898895990704
1722,27,74,30.491869918699187
1723,47,74,30.501450957632038
1724,25,74,30.498259860788863
1725,35,74,30.500869565217393
1726,43,74,30.50811123986095
1727,16,74,30.4997104806022
1728,31,74,30.5
1729,25,74,30.49681897050318
1730,25,74,30.49364161849711
1731,16,74,30.48526863084922
1732,43,74,30.492494226327945
1733,53,74,30.505481823427584
1734,20,74,30.49942329873126
1735,44,74,30.507204610951007
1736,36,74,30.51036866359447
1737,24,74,30.506620610247552
1738,33,74,30.50805523590334
1739,6,74,30.493962047153538
1740,17,74,30.486206896551725
1741,18,74,30.479035037334864
1742,17,74,30.47129735935706
1743,10,74,30.459552495697075
1744,19,74,30.452981651376145
1745,21,74,30.44756446991404
1746,50,74,30.45876288659794
1747,17,74,30.45105895821408
1748,15,74,30.44221967963387
1749,27,74,30.440251572327043
1750,30,74,30.44
1751,30,74,30.439748715019988
1752,11,74,30.42865296803653
1753,21,74,30.423274386765545
1754,54,74,30.436716077537056
1755,37,74,30.44045584045584
1756,46,74,30.449316628701595
1757,59,74,30.465566306203755
1758,32,74,30.466439135381115
1759,43,74,30.473564525298464
1760,43,74,30.480681818181818
1761,32,74,30.481544576944916
1762,23,74,30.477298524404087
1763,45,74,30.485536018150878
1764,27,74,30.483560090702948
1765,41,74,30.489518413597732
1766,26,74,30.486976217440542
1767,27,74,30.485002829654782
1768,27,74,30.483031674208146
1769,41,74,30.48897682306388
1770,15,74,30.480225988700564
1771,15,74,30.47148503670243
1772,40,74,30.47686230248307
1773,56,74,30.491257755217145
1774,43,74,30.498308906426157
1775,53,74,30.51098591549296
1776,15,74,30.50225225225225
1777,14,74,30.49296567248171
1778,37,74,30.496625421822273
1779,34,74,30.498594716132658
1780,46,74,30.507303370786516
1781,13,74,30.497473329590118
1782,28,74,30.496071829405164
1783,25,74,30.49298934380258
1784,5,74,30.478699551569505
1785,45,74,30.486834733893556
1786,32,74,30.48768197088466
1787,13,74,30.477895914941243
1788,38,74,30.482102908277405
1789,29,74,30.481274455002794
1790,24,74,30.477653631284916
1791,22,74,30.472920156337242
1792,49,74,30.483258928571427
1793,33,74,30.484662576687118
1794,18,74,30.477703455964324
1795,33,74,30.479108635097493
1796,29,74,30.478285077951004
1797,28,74,30.47690595436839
1798,20,74,30.47107897664071
1799,21,74,30.46581434130072
1800,41,74,30.471666666666668
1801,46,74,30.480288728484176
1802,46,74,30.488901220865706
1803,45,74,30.496949528563505
1804,19,74,30.49057649667406
1805,40,74,30.49584487534626
1806,19,74,30.489479512735326
1807,50,74,30.50027670171555
1808,32,74,30.501106194690266
1809,33,74,30.502487562189053
1810,15,74,30.4939226519337
1811,40,74,30.499171728326893
1812,41,74,30.50496688741722
1813,34,74,30.506894649751793
1814,48,74,30.516538037486217
1815,38,74,30.520661157024794
1816,48,74,30.530286343612335
1817,29,74,30.52944413869015
1818,48,74,30.53905390539054
1819,41,74,30.54480483782298
1820,19,74,30.53846153846154
1821,39,74,30.543108182317408
1822,45,74,30.551042810098792
1823,39,74,30.555677454744927
1824,36,74,30.558662280701753
1825,37,74,30.56219178082192
1826,31,74,30.562431544359256
1827,29,74,30.561576354679804
1828,31,74,30.561816192560176
1829,34,74,30.56369600874795
1830,38,74,30.56775956284153
1831,30,74,30.567449481157837
1832,37,74,30.570960698689955
1833,23,74,30.56683033278778
1834,36,74,30.56979280261723
1835,31,74,30.570027247956403
1836,35,74,30.57244008714597
1837,61,74,30.589003810560698
1838,30,74,30.588683351468987
1839,25,74,30.58564437194127
1840,24,74,30.582065217391303
1841,4,74,30.56762629005975
1842,46,74,30.57600434310532
1843,40,74,30.581117742810633
1844,61,74,30.59761388286334
1845,25,74,30.59457994579946
1846,42,74,30.600758396533045
1847,29,74,30.599891716296696
1848,36,74,30.602813852813853
1849,23,74,30.598702001081666
1850,44,74,30.605945945945948
1851,28,74,30.60453808752026
1852,52,74,30.61609071274298
1853,37,74,30.619535887749596
1854,41,74,30.625134843581446
1855,35,74,30.627493261455527
1856,56,74,30.64116379310345
1857,34,74,30.64297253634895
1858,32,74,30.643702906350914
1859,14,74,30.634749865519098
1860,63,74,30.65215053763441
1861,26,74,30.649650725416443
1862,36,74,30.65252416756176
1863,7,74,30.639828234031132
1864,25,74,30.636802575107296
1865,20,74,30.631099195710455
1866,51,74,30.642015005359056
1867,16,74,30.63417246920193
1868,13,74,30.62473233404711
1869,27,74,30.62279293739968
1870,37,74,30.62620320855615
1871,40,74,30.63121325494388
1872,38,74,30.635149572649574
1873,38,74,30.639081687132943
1874,29,74,30.63820704375667
1875,27,74,30.636266666666668
1876,31,74,30.636460554371002
1877,33,74,30.637719765583377
1878,40,74,30.642705005324814
1879,66,74,30.661522086216074
1880,32,74,30.66223404255319
1881,14,74,30.65337586390218
1882,18,74,30.64665249734325
1883,29,74,30.645778013807753
1884,19,74,30.6395966029724
1885,34,74,30.641379310344828
1886,22,74,30.63679745493107
1887,46,74,30.644939056703763
1888,38,74,30.648834745762713
1889,18,74,30.642138697723663
1890,20,74,30.636507936507936
1891,29,74,30.635642517186675
1892,29,74,30.63477801268499
1893,36,74,30.637612255678818
1894,29,74,30.63674762407603
1895,31,74,30.63693931398417
1896,41,74,30.64240506329114
1897,16,74,30.634686346863468
1898,4,74,30.620653319283456
1899,25,74,30.617693522906794
1900,41,74,30.623157894736842
1901,21,74,30.61809573908469
1902,45,74,30.625657202944268
1903,25,74,30.622700998423543
1904,24,74,30.61922268907563
1905,49,74,30.628871391076114
1906,21,74,30.623819517313745
1907,31,74,30.624016780283167
1908,8,74,30.61215932914046
1909,22,74,30.607647983237296
1910,23,74,30.603664921465967
1911,13,74,30.59445316588174
1912,24,74,30.59100418410042
1913,49,74,30.600627286983794
1914,30,74,30.600313479623825
1915,32,74,30.601044386422977
1916,24,74,30.59759916492693
1917,37,74,30.600938967136152
1918,40,74,30.605839416058394
1919,43,74,30.612298071912456
1920,19,74,30.60625
1921,17,74,30.599167100468506
1922,27,74,30.59729448491155
1923,39,74,30.601664066562662
1924,52,74,30.612785862785863
1925,41,74,30.618181818181817
1926,30,74,30.61786085150571
1927,35,74,30.620134924753504
1928,43,74,30.62655601659751
1929,34,74,30.628304821150856
1930,39,74,30.63264248704663
1931,32,74,30.63335059554635
1932,51,74,30.643892339544514
1933,37,74,30.647180548370407
1934,37,74,30.650465356773527
1935,32,74,30.651162790697676
1936,52,74,30.662190082644628
1937,25,74,30.659266907589057
1938,25,74,30.656346749226007
1939,45,74,30.663744198040227
1940,22,74,30.659278350515464
1941,39,74,30.663575476558474
1942,24,74,30.660144181256438
1943,16,74,30.65259907359753
1944,19,74,30.646604938271604
1945,35,74,30.648843187660667
1946,25,74,30.645940390544705
1947,30,74,30.645608628659478
1948,59,74,30.66016427104723
1949,33,74,30.661364802462803
1950,40,74,30.666153846153847
1951,60,74,30.68118913377755
1952,45,74,30.688524590163933
1953,37,74,30.691756272401435
1954,16,74,30.684237461617194
1955,23,74,30.680306905370845
1956,39,74,30.684560327198366
1957,39,74,30.68880940214614
1958,52,74,30.699693564862105
1959,37,74,30.702909647779478
1960,54,74,30.714795918367347
1961,24,74,30.7113717491076
1962,21,74,30.706422018348626
1963,39,74,30.710646968925115
1964,49,74,30.719959266802444
1965,35,74,30.722137404580153
1966,32,74,30.722787385554426
1967,27,74,30.72089476359939
1968,51,74,30.73119918699187
1969,37,74,30.734382935500253
1970,36,74,30.737055837563453
1971,31,74,30.73718924403856
1972,18,74,30.730730223123732
1973,25,74,30.727825646224023
1974,15,74,30.71985815602837
1975,35,74,30.722025316455696
1976,30,74,30.72165991902834
1977,49,74,30.73090541224077
1978,20,74,30.72548028311426
1979,28,74,30.72410308236483
1980,13,74,30.715151515151515
1981,42,74,30.720848056537104
1982,43,74,30.72704339051463
1983,39,74,30.731215330307613
1984,55,74,30.74344758064516
1985,22,74,30.73904282115869
1986,25,74,30.736153071500503
1987,37,74,30.739305485656768
1988,21,74,30.73440643863179
1989,41,74,30.739567621920564
1990,38,74,30.74321608040201
1991,36,74,30.74585635359116
1992,25,74,30.7429718875502
1993,66,74,30.760662318113397
1994,14,74,30.752256770310932
1995,44,74,30.758897243107768
1996,47,74,30.767034068136272
1997,47,74,30.775162744116173
1998,14,74,30.766766766766768
1999,34,74,30.768384192096047
2000,13,74,30.7595
2001,62,74,30.77511244377811
2002,37,74,30.778221778221777
2003,31,74,30.778332501248126
2004,14,74,30.76996007984032
2005,47,74,30.778054862842893
2006,23,74,30.77417746759721
2007,19,74,30.76831091180867
2008,38,74,30.77191235059761
2009,21,74,30.767048282727725
2010,42,74,30.772636815920396
2011,33,74,30.773744405768273
2012,47,74,30.781809145129223
2013,27,74,30.7799304520616
2014,38,74,30.78351539225422
2015,60,74,30.79801488833747
2016,38,74,30.8015873015873
2017,42,74,30.80713931581557
2018,30,74,30.806739345887017
2019,43,74,30.812778603268946
2020,17,74,30.805940594059408
2021,21,74,30.801088570014844
2022,29,74,30.800197823936696
2023,19,74,30.794364804745427
2024,28,74,30.79298418972332
2025,38,74,30.796543209876543
2026,3,74,30.782823297137217
2027,15,74,30.77503700049334
2028,30,74,30.77465483234714
2029,20,74,30.76934450468211
2030,20,74,30.764039408866996
2031,29,74,30.763170851797145
2032,54,74,30.7746062992126
2033,24,74,30.771273979340876
2034,22,74,30.766961651917406
2035,20,74,30.76167076167076
2036,49,74,30.770628683693516
2037,9,74,30.759941089837998
2038,18,74,30.753680078508342
2039,18,74,30.74742520843551
2040,18,74,30.741176470588236
2041,22,74,30.73689367956884
2042,31,74,30.73702252693438
2043,57,74,30.7498776309349
2044,39,74,30.753913894324853
2045,20,74,30.748655256723715
2046,17,74,30.741935483870968
2047,12,74,30.732779677576943
2048,32,74,30.7333984375
2049,19,74,30.727672035139094
2050,48,74,30.736097560975608
2051,51,74,30.74597757191614
2052,25,74,30.74317738791423
2053,18,74,30.736970287384317
2054,41,74,30.741966893865627
2055,37,74,30.74501216545012
2056,60,74,30.759241245136188
2057,24,74,30.75595527467185
2058,16,74,30.748785228377066
2059,17,74,30.74210781932977
2060,44,74,30.74854368932039
2061,33,74,30.749636098981078
2062,33,74,30.750727449078564
2063,33,74,30.75181774115366
2064,8,74,30.74079457364341
2065,43,74,30.74673123486683
2066,22,74,30.742497579864473
2067,38,74,30.74600870827286
2068,39,74,30.75
2069,16,74,30.7428709521508
2070,23,74,30.73913043478261
2071,25,74,30.736359246740705
2072,24,74,30.73310810810811
2073,6,74,30.72117703810902
2074,35,74,30.72324011571842
2075,21,74,30.71855421686747
2076,38,74,30.722061657032754
2077,39,74,30.72604718343765
2078,12,74,30.717035611164583
2079,39,74,30.721019721019722
2080,28,74,30.71971153846154
2081,26,74,30.717443536761174
2082,9,74,30.707012487992316
2083,30,74,30.70667306769083
2084,49,74,30.71545105566219
2085,22,74,30.711270983213428
2086,63,74,30.726749760306806
2087,20,74,30.72160996645903
2088,43,74,30.72749042145594
2089,19,74,30.721876495931067
2090,9,74,30.71148325358852
2091,26,74,30.709230033476807
2092,53,74,30.719885277246654
2093,24,74,30.716674629718106
2094,13,74,30.708213944603628
2095,40,74,30.712649164677803
2096,27,74,30.71087786259542
2097,5,74,30.69861707200763
2098,27,74,30.696854146806483
2099,17,74,30.6903287279657
2100,25,74,30.687619047619048
2101,33,74,30.688719657306045
2102,60,74,30.70266412940057
2103,61,74,30.717070851165
2104,19,74,30.711501901140686
2105,30,74,30.711163895486937
2106,21,74,30.706552706552706
2107,23,74,30.702895111532985
2108,39,74,30.706831119544592
2109,28,74,30.705547652916074
2110,54,74,30.71658767772512
2111,46,74,30.7238275698721
2112,20,74,30.71875
2113,50,74,30.727875059157597
2114,29,74,30.72705771050142
2115,7,74,30.715839243498817
2116,19,74,30.71030245746692
2117,24,74,30.70713273500236
2118,19,74,30.701605288007553
2119,35,74,30.70363378952336
2120,49,74,30.712264150943398
2121,30,74,30.71192833569071
2122,41,74,30.716776625824693
2123,56,74,30.72868582195007
2124,44,74,30.734934086629004
2125,34,74,30.736470588235296
2126,34,74,30.738005644402634
2127,11,74,30.728725905030558
2128,37,74,30.731672932330827
2129,26,74,30.72945044621888
2130,16,74,30.722535211267605
2131,21,74,30.717972782731113
2132,50,74,30.72701688555347
2133,52,74,30.736990154711673
2134,35,74,30.738987816307404
2135,53,74,30.749414519906324
2136,48,74,30.75749063670412
2137,37,74,30.7604117922321
2138,26,74,30.758185219831617
2139,56,74,30.769985974754558
2140,40,74,30.77429906542056
2141,35,74,30.77627276973377
2142,40,74,30.780578898225958
2143,70,74,30.79888007466169
2144,18,74,30.792910447761194
2145,28,74,30.791608391608392
2146,20,74,30.786579683131407
2147,43,74,30.792268281322777
2148,38,74,30.79562383612663
2149,42,74,30.800837598883202
2150,40,74,30.805116279069768
2151,21,74,30.800557880055788
2152,49,74,30.809014869888475
2153,32,74,30.809568044588946
2154,30,74,30.809192200557103
2155,43,74,30.814849187935035
2156,21,74,30.81029684601113
2157,22,74,30.80621233194251
2158,28,74,30.804911955514367
2159,15,74,30.797591477535896
2160,33,74,30.79861111111111
2161,50,74,30.807496529384544
2162,58,74,30.820074005550417
2163,44,74,30.82616736014794
2164,36,74,30.828558225508317
2165,39,74,30.83233256351039
2166,36,74,30.83471837488458
2167,33,74,30.835717581910476
2168,34,74,30.83717712177122
2169,41,74,30.841862609497465
2170,65,74,30.857603686635944
2171,54,74,30.868263473053894
2172,32,74,30.86878453038674
2173,40,74,30.872986654394847
2174,37,74,30.875804967801287
2175,39,74,30.87954022988506
2176,35,74,30.881433823529413
2177,53,74,30.891593936610015
2178,25,74,30.88888888888889
2179,25,74,30.886186324001837
2180,18,74,30.8802752293578
2181,29,74,30.879413113250802
2182,27,74,30.877635197066912
2183,37,74,30.880439761795692
2184,19,74,30.875
2185,56,74,30.88649885583524
2186,40,74,30.890667886550776
2187,36,74,30.893004115226336
2188,19,74,30.887568555758683
2189,17,74,30.881224303334857
2190,61,74,30.894977168949772
2191,27,74,30.893199452304884
2192,31,74,30.89324817518248
2193,39,74,30.896944824441405
2194,44,74,30.90291704649043
2195,12,74,30.894305239179953
2196,20,74,30.889344262295083
2197,27,74,30.88757396449704
2198,48,74,30.89535941765241
2199,29,74,30.89449749886312
2200,25,74,30.89181818181818
2201,43,74,30.897319400272604
2202,51,74,30.90644868301544
2203,49,74,30.914661824784385
2204,31,74,30.91470054446461
2205,26,74,30.912471655328797
2206,37,74,30.915231187669992
2207,19,74,30.909832351608518
2208,51,74,30.91893115942029
2209,58,74,30.93119058397465
2210,22,74,30.927149321266967
2211,27,74,30.925373134328357
2212,19,74,30.91998191681736
2213,22,74,30.9159511974695
2214,36,74,30.918247515808492
2215,48,74,30.925959367945826
2216,21,74,30.92148014440433
2217,15,74,30.914298601714027
2218,5,74,30.902614968440037
2219,18,74,30.896800360522757
2220,50,74,30.905405405405407
2221,16,74,30.898694281855022
2222,43,74,30.904140414041404
2223,28,74,30.902834008097166
2224,40,74,30.906924460431654
2225,28,74,30.905617977528088
2226,16,74,30.898921832884096
2227,46,74,30.90570273911091
2228,47,74,30.912926391382406
2229,31,74,30.91296545536115
2230,22,74,30.90896860986547
2231,48,74,30.916629314208876
2232,22,74,30.912634408602152
2233,24,74,30.909538737124944
2234,22,74,30.905550581915847
2235,63,74,30.919910514541385
2236,32,74,30.920393559928442
2237,48,74,30.928028609745194
